Citizenship,Stream,1996,1997,1998,1999,2000,2001,2002,2003,2004,2005,2006,2007,2008,2009,2010,2011
Afghanistan,Family,100,90,112,119,98,104,135,221,937,949,649,804,663,907,931,763
Africa (so stated),Family,0,1,1,1,2,0,2,1,0,0,0,0,0,0,0,0
Albania,Family,69,74,37,47,70,55,261,123,124,98,72,75,108,87,58,79
Algeria,Family,20,29,19,9,15,33,28,20,19,19,22,22,14,22,24,18
American Samoa,Family,1,0,0,0,0,2,1,0,2,1,0,1,0,0,0,1
Andorra,Family,0,0,0,0,0,0,0,0,0,0,0,0,0,0,1,0
Angola,Family,1,0,1,2,0,11,0,0,0,0,7,2,5,3,0,1
Antigua and Barbuda,Family,0,0,0,1,0,5,0,0,0,0,0,0,0,0,0,0
Argentina,Family,67,56,48,54,85,73,132,107,73,60,77,58,74,65,57,42
Armenia,Family,17,15,20,13,16,19,18,13,6,21,19,32,18,22,24,9
Aust. Ext. Terr. (so stated),Family,1,0,0,0,0,0,0,0,0,0,0,0,0,0,0,0
Australia,Family,0,0,0,0,0,0,0,0,0,0,0,0,1,0,0,0
Austria,Family,65,63,62,71,78,91,81,72,79,74,72,61,81,75,51,64
Azerbaijan,Family,1,7,2,9,7,3,7,11,13,7,8,3,15,10,14,12
Bahamas,Family,0,0,1,0,0,1,0,0,1,2,1,1,0,3,2,0
Bahrain,Family,0,2,1,1,0,2,1,2,2,2,2,2,1,1,2,12
Bangladesh,Family,144,138,194,123,163,169,228,223,228,340,398,592,666,521,611,528
Barbados,Family,0,4,2,2,0,0,1,2,2,3,2,2,0,1,1,-1
Belarus,Family,12,12,12,19,19,25,20,14,41,36,45,20,31,25,27,16
Belgium,Family,57,35,33,47,57,48,55,57,48,51,61,67,65,81,65,70
Belize,Family,2,4,1,0,1,2,4,0,1,0,0,1,1,0,0,0
Benin,Family,1,1,0,0,0,1,0,0,0,1,0,0,0,0,1,5
Bermuda,Family,1,1,1,1,1,0,0,0,1,0,1,1,1,0,0,0
Bhutan,Family,1,2,1,0,0,0,0,1,0,2,2,2,1,4,3,5
Bolivia,Family,10,8,22,13,26,8,22,9,7,13,13,12,7,16,8,15
Bosnia-Herzegovina,Family,58,73,91,103,106,154,142,175,142,152,117,181,110,125,85,110
Botswana,Family,2,1,0,0,0,2,10,6,10,12,13,10,8,20,23,6
Brazil,Family,116,101,116,126,189,216,240,261,226,253,394,333,418,485,378,472
British Indian Ocean Terr,Family,0,0,0,0,0,0,0,0,0,1,0,-1,0,0,0,0
British West Indies (stated),Family,1,0,0,0,0,0,0,0,0,0,0,0,0,0,0,0
Brunei Darussallam,Family,2,2,2,2,2,8,4,8,6,5,12,8,10,12,13,10
Bulgaria,Family,48,46,43,46,36,56,57,52,52,46,43,50,54,52,21,33
Burkina Faso,Family,2,0,0,2,0,2,1,0,0,0,1,0,1,1,1,1
Burundi,Family,0,0,1,0,0,0,1,0,0,0,8,5,13,18,29,37
"Cambodia, the Kingdom of",Family,466,462,377,276,319,508,603,531,573,517,673,596,670,875,652,746
Cameroon,Family,2,2,0,0,7,4,5,2,2,7,15,7,7,12,13,10
Canada,Family,731,764,589,714,834,865,805,872,860,972,908,955,942,1053,863,903
Cape Verde,Family,0,1,0,0,0,0,0,0,1,0,0,0,0,1,0,1
Cayman Islands,Family,0,0,0,1,0,0,0,0,0,0,0,0,0,0,0,0
Central African Republic,Family,0,0,0,0,0,0,0,0,1,0,0,0,0,3,0,0
Central America (so stated),Family,0,1,0,0,0,0,0,0,0,0,0,0,0,0,0,0
Chad,Family,1,0,0,0,0,0,0,0,0,1,0,0,4,0,1,1
Chile,Family,141,124,132,105,129,169,211,170,128,143,117,134,147,142,108,108
Colombia,Family,72,60,88,109,130,139,211,179,177,171,185,193,249,358,337,378
Comoros,Family,1,0,0,0,3,1,0,0,0,1,3,0,0,0,1,0
Congo,Family,0,0,2,1,2,5,3,3,3,5,8,9,1,13,6,5
Costa Rica,Family,2,5,1,1,5,7,4,6,3,8,7,5,5,7,13,9
Cote d'Ivoire,Family,1,2,4,2,1,1,1,5,4,3,4,2,4,2,6,4
Croatia,Family,160,137,143,123,130,120,119,89,61,112,106,54,69,65,76,90
Cuba,Family,3,11,14,3,12,12,23,21,16,24,17,27,31,20,15,20
Cyprus,Family,35,21,20,21,16,12,10,13,5,11,6,5,8,10,12,13
Czech Republic,Family,59,57,71,71,108,113,92,89,98,113,98,108,99,102,90,99
Czechoslovakia,Family,15,15,8,10,3,0,3,0,0,-1,2,0,0,1,0,0
Dem Republic Of Timor-Leste,Family,0,0,0,2,16,26,45,37,13,27,27,37,27,20,25,13
Democratic Republic of Congo,Family,7,1,1,0,2,0,0,0,0,6,9,12,22,34,43,74
Denmark,Family,117,98,70,90,92,88,82,87,82,82,102,85,66,85,78,82
Djibouti,Family,0,2,0,1,1,1,2,1,4,1,3,2,5,2,11,4
Dominica,Family,1,0,0,0,0,0,0,4,1,0,0,3,1,0,0,0
Dominican Republic,Family,0,4,3,0,3,5,6,1,5,6,2,8,4,1,7,5
East Africa (so stated),Family,0,0,0,1,0,0,0,0,0,0,0,0,0,0,0,0
Ecuador,Family,12,15,16,27,42,27,30,37,37,53,24,35,19,37,23,32
"Egypt, Arab Republic of",Family,246,203,228,147,184,164,209,247,225,228,335,194,272,229,384,338
El Salvador,Family,36,25,19,19,26,29,19,21,14,25,17,27,32,33,28,29
Eritrea,Family,41,28,61,47,32,38,45,63,74,45,66,71,56,56,70,52
Estonia,Family,12,8,4,10,7,8,14,13,4,9,11,14,30,23,40,32
Ethiopia,Family,169,216,168,232,113,148,158,202,164,183,323,282,317,312,352,407
Falkland Islands,Family,0,0,0,0,0,0,1,0,0,0,0,0,0,0,0,0
Fed. States of Micronesia,Family,3,1,1,0,0,1,5,0,1,1,0,3,0,1,0,0
Fiji,Family,880,544,811,707,734,794,821,824,706,1014,757,889,944,876,617,628
Finland,Family,31,24,50,53,46,50,48,46,58,54,56,62,71,75,72,77
Fmr Yugo Rep of Macedonia,Family,333,344,316,241,248,294,323,270,248,276,327,334,289,261,220,154
France,Family,325,330,282,254,321,413,351,299,290,375,392,362,449,555,459,519
French Guiana,Family,0,0,0,0,0,0,1,0,0,2,0,0,0,1,1,0
French Polynesia,Family,1,0,0,2,3,0,0,0,0,4,2,1,0,1,0,0
Gabon,Family,1,0,0,0,0,0,0,0,1,0,1,0,0,0,0,0
Gambia,Family,4,2,4,1,-1,0,2,0,1,4,6,2,1,2,0,1
Gaza Strip,Family,1,0,0,2,1,0,0,0,0,2,0,0,2,1,0,0
Georgia,Family,9,6,6,7,0,8,4,9,4,8,9,7,6,7,3,8
"Germany, Federal Rep. Of",Family,559,512,497,480,483,587,600,615,669,682,783,733,800,808,651,749
Ghana,Family,105,108,93,76,56,59,116,130,114,148,138,129,88,179,136,173
Gibraltar,Family,0,0,0,0,2,0,0,1,0,0,0,0,0,0,0,0
Greece,Family,244,203,155,118,145,133,104,109,95,93,109,102,96,93,119,286
Grenada,Family,0,1,0,2,1,0,1,2,2,-1,0,2,1,0,0,1
Guatemala,Family,8,3,5,9,9,3,3,3,2,3,7,7,7,3,12,2
Guinea,Family,0,2,2,0,-1,3,1,0,3,2,8,12,24,41,30,15
Guinea-Bissau,Family,0,2,1,0,0,1,1,0,0,1,0,0,0,0,0,0
Guyana,Family,5,1,0,3,4,5,6,3,1,7,1,1,3,0,3,1
Haiti,Family,0,3,0,2,0,0,0,0,0,1,0,0,2,4,0,0
Honduras,Family,5,4,1,1,2,2,3,1,7,5,0,3,5,3,5,0
Hong Kong (SAR of China),Family,736,665,442,510,404,435,523,713,569,585,673,604,785,547,530,564
Hungary,Family,100,82,68,76,56,85,79,75,77,84,82,90,71,91,77,84
Iceland,Family,2,4,3,7,1,2,8,4,3,2,2,5,8,8,4,12
India,Family,1056,914,949,970,1134,1509,1537,1976,1999,2623,3634,4034,4936,5103,4426,5489
Indonesia,Family,577,724,848,888,1053,1157,1090,1090,945,1060,1324,1294,1268,1293,1221,1098
Iran,Family,217,149,133,141,134,201,236,161,193,176,204,204,248,222,475,422
Iraq,Family,328,307,298,369,368,411,453,251,310,513,442,568,499,515,455,452
Irish Republic,Family,461,437,402,419,506,516,541,624,585,579,580,599,701,822,766,828
Israel,Family,171,175,146,135,118,174,200,188,165,139,200,150,171,134,119,98
Italy,Family,315,303,271,221,274,303,260,281,287,284,276,278,318,360,306,408
Jamaica,Family,9,10,6,3,8,9,6,8,15,17,15,13,14,13,2,7
Japan,Family,701,710,634,690,764,792,802,802,896,992,1021,965,1020,962,805,869
Jordan,Family,95,75,100,73,132,100,118,138,134,134,81,106,128,141,163,158
Kazakhstan,Family,18,28,21,24,17,34,33,34,24,25,28,24,39,27,29,40
Kenya,Family,21,23,38,34,55,65,81,102,104,107,121,112,127,137,173,136
Kiribati,Family,5,6,3,4,8,14,3,4,5,3,22,7,8,6,7,2
"Korea, Dem Peoples Rep Of",Family,0,0,0,2,2,3,7,0,0,1,0,5,2,5,0,0
"Korea, Republic of",Family,454,411,482,441,719,726,691,808,827,848,926,974,1095,1177,1016,1108
Kosovar,Family,0,0,0,0,0,0,0,0,0,0,0,0,14,33,7,19
Kuwait,Family,1,3,3,2,1,3,5,5,1,2,0,2,1,0,0,2
Kyrgyzstan,Family,4,7,9,11,11,14,23,22,20,11,11,14,13,24,12,5
Lao Peoples Democratic Rep,Family,40,65,61,58,55,56,40,41,66,53,101,82,70,60,52,124
Latvia,Family,26,21,19,22,24,37,26,28,28,21,22,18,23,45,25,39
Lebanon,Family,1008,1069,986,1330,1325,917,1561,1078,1171,1085,1153,1358,1043,914,928,1044
Lesotho,Family,1,0,0,0,0,1,0,0,4,0,1,0,1,2,1,1
Liberia,Family,5,1,0,0,1,0,1,8,5,5,10,28,50,65,68,76
Libya,Family,2,0,0,1,1,1,4,3,0,6,5,1,3,4,1,1
Liechtenstein,Family,0,0,0,1,0,1,1,1,0,0,1,1,1,0,0,2
Lithuania,Family,17,14,14,24,26,33,29,19,16,21,20,22,23,29,28,29
Luxembourg,Family,2,0,1,1,0,1,2,0,0,1,1,1,0,0,2,1
Macau Spec Admin Rgn,Family,6,3,3,11,12,20,19,16,13,19,19,15,23,15,8,21
Madagascar,Family,0,1,2,1,3,4,2,0,2,2,1,2,0,1,7,1
Malawi,Family,1,2,2,0,4,3,1,4,5,2,4,6,2,10,5,2
Malaysia,Family,570,500,554,567,547,576,588,582,705,714,816,816,938,940,933,886
Maldives,Family,3,3,1,3,2,7,1,4,3,2,7,3,6,6,3,5
Mali,Family,0,0,0,0,0,1,2,0,1,1,0,1,0,3,2,5
Malta,Family,31,31,25,25,30,18,33,31,35,30,47,61,49,29,28,33
Marshall Islands,Family,0,0,1,3,0,3,2,2,0,2,0,0,0,0,2,0
Mauritania,Family,0,0,0,0,0,1,0,0,0,0,3,0,1,0,0,1
Mauritius,Family,73,89,33,40,79,72,66,96,77,83,137,115,126,168,153,141
Mexico,Family,20,32,23,34,35,41,53,44,49,75,70,79,96,111,86,121
Middle East (so stated),Family,0,1,0,0,0,0,0,0,0,0,0,0,0,0,0,0
Moldova,Family,11,5,23,14,9,15,15,19,21,35,12,20,13,18,31,13
Monaco,Family,0,1,0,0,0,1,0,0,0,1,0,0,0,1,0,0
Mongolia,Family,1,0,1,3,2,6,5,3,1,11,13,18,21,25,19,22
Montenegro,Family,0,0,0,0,0,0,0,0,0,0,2,18,8,8,12,12
Morocco,Family,33,28,26,36,20,31,30,30,31,32,47,45,33,39,63,42
Mozambique,Family,1,0,2,0,4,5,2,3,3,4,5,7,3,9,5,6
Myanmar,Family,121,51,85,76,84,102,147,106,139,157,139,146,167,197,172,193
Namibia,Family,4,3,3,5,9,7,2,5,3,5,6,7,7,6,12,3
Nauru,Family,6,2,2,1,8,5,2,9,10,8,14,13,11,10,1,9
Nepal,Family,30,29,28,50,48,79,99,125,111,165,217,228,244,227,276,399
Netherlands,Family,268,280,241,263,263,324,352,312,327,288,323,293,292,296,245,285
Netherlands Antilles,Family,0,0,0,0,0,0,1,0,0,1,0,0,0,0,0,0
New Caledonia,Family,3,2,6,4,1,6,1,3,3,-1,0,1,4,0,0,0
Nicaragua,Family,8,3,3,1,1,5,1,-1,1,6,9,3,4,3,3,10
Niger,Family,0,3,1,6,3,2,-1,2,2,5,2,0,0,1,2,1
Nigeria,Family,29,40,24,31,30,50,51,55,68,120,85,110,118,183,145,121
Norway,Family,33,32,40,50,39,64,82,106,86,110,104,75,86,89,91,95
Oman,Family,3,0,0,0,0,2,0,0,1,3,0,3,1,0,2,-1
Pakistan,Family,311,264,321,297,285,317,384,570,511,425,733,612,704,502,671,965
Palau,Family,0,0,1,2,2,0,0,0,0,1,0,0,0,0,0,0
Palestinian Authority,Family,0,0,10,10,25,19,20,30,39,36,23,38,38,25,16,14
Panama,Family,0,1,3,5,1,4,4,3,2,4,2,4,3,4,2,3
Papua New Guinea,Family,107,105,111,100,133,142,224,157,130,136,124,150,157,152,201,165
Paraguay,Family,2,2,2,5,11,6,1,4,3,6,2,8,4,2,2,1
People's Republic of China,Family,5381,3015,3965,3633,3060,3608,3912,4681,4871,5008,6037,6131,7901,10218,9077,9703
Peru,Family,97,66,110,119,124,130,175,142,150,145,166,162,175,196,152,167
Philippines,Family,2447,2657,2502,2661,2105,2287,2276,2478,2192,2453,3098,3090,3211,3307,2963,3859
Poland,Family,317,256,228,209,222,236,279,285,236,275,249,267,263,303,226,237
Portugal,Family,95,94,61,57,57,62,77,75,79,82,93,72,83,100,71,92
Qatar,Family,0,0,0,0,0,0,1,0,0,0,0,0,0,0,0,1
Refugee,Family,1,5,0,0,2,4,12,5,12,5,6,4,0,0,-1,1
Reunion,Family,0,0,0,0,0,0,1,0,0,0,0,0,0,0,0,0
Romania,Family,234,173,184,166,137,162,218,132,117,150,173,137,159,161,111,122
Russian Federation,Family,304,243,316,373,387,432,369,437,437,396,351,458,443,532,568,506
Rwanda,Family,4,0,0,1,2,1,1,0,1,4,3,3,13,17,10,23
Samoa,Family,88,54,60,50,45,60,44,52,48,58,35,51,40,96,54,67
Saudi Arabia,Family,1,0,0,4,2,3,0,3,5,3,1,2,4,0,4,1
Senegal,Family,11,9,5,6,1,9,5,6,7,9,6,4,8,7,10,6
Serbia,Family,0,0,0,0,0,0,0,0,0,0,63,170,177,178,132,126
Serbia and Montenegro,Family,0,0,0,0,0,0,0,73,163,190,175,17,11,1,1,1
Seychelles,Family,13,7,9,6,10,25,8,11,10,10,21,20,7,20,12,12
Sierra Leone,Family,8,3,4,3,2,1,1,16,8,18,16,30,43,71,68,87
Singapore,Family,252,178,216,282,296,257,348,411,369,409,390,373,438,434,391,414
Slovakia,Family,56,36,34,60,64,54,88,63,69,61,80,65,71,73,58,57
Slovenia,Family,15,15,17,16,20,22,15,15,13,22,14,10,8,16,13,15
Solomon Islands,Family,27,19,32,39,42,44,26,18,34,29,27,26,16,29,28,27
Somalia,Family,209,199,63,82,54,75,87,74,85,97,150,90,114,176,170,187
"South Africa, Republic of",Family,777,500,572,638,829,737,662,1010,957,891,987,916,1240,1220,1002,899
South America (so stated),Family,0,0,0,0,0,0,0,0,0,1,0,0,0,0,0,0
South Sudan,Family,0,0,0,0,0,0,0,0,0,0,0,0,0,0,0,11
Spain,Family,73,80,51,60,72,99,109,93,87,97,104,87,101,118,122,165
Sri Lanka,Family,662,542,508,380,473,644,640,593,646,641,863,803,1020,1003,738,794
St Kitts-Nevis,Family,0,0,0,0,0,0,2,0,0,0,1,1,0,0,2,0
St Lucia,Family,1,1,1,0,0,0,0,1,4,1,1,1,0,0,2,2
St Vincent & the Grenadines,Family,2,0,0,0,1,1,1,0,0,0,0,0,1,0,1,0
Stateless,Family,660,160,131,40,64,60,72,53,67,47,51,63,4,48,65,63
Sudan,Family,18,23,17,22,17,33,48,49,55,97,194,227,248,384,423,309
Suriname,Family,1,0,0,0,0,0,4,0,0,0,0,0,0,0,1,0
Swaziland,Family,2,2,2,0,2,0,1,1,0,1,0,1,3,1,1,0
Sweden,Family,148,149,119,156,176,163,224,256,234,207,230,249,235,245,217,244
Switzerland,Family,153,156,123,124,135,121,150,141,137,151,115,134,132,120,123,118
Syria,Family,152,167,155,196,195,129,202,157,164,173,163,166,229,133,196,204
Tadjikistan,Family,6,4,0,2,2,3,1,0,4,1,1,1,4,2,3,0
Taiwan,Family,292,245,187,182,235,283,263,291,313,350,330,342,376,442,369,449
Tanzania,Family,2,9,11,7,10,14,17,25,12,20,23,18,26,25,29,23
Thailand,Family,612,524,704,757,851,1517,1400,1205,1258,1521,1801,1827,2248,2176,2041,2066
Togo,Family,0,0,0,0,1,1,0,1,0,2,0,0,6,2,5,5
Tonga,Family,158,124,166,146,184,222,166,154,148,154,143,186,178,150,171,165
Trinidad and Tobago,Family,4,7,6,6,14,5,10,7,5,6,10,8,13,11,10,12
Tunisia,Family,2,10,7,2,7,2,13,1,5,5,9,5,5,4,12,10
Turkey,Family,722,582,477,441,400,525,589,622,482,441,267,369,382,325,461,372
Turkmenistan,Family,0,0,0,0,0,0,2,0,1,2,7,0,1,2,3,1
Tuvalu,Family,3,0,1,2,2,3,3,2,1,0,1,0,0,1,0,6
U.S.S.R.,Family,62,40,40,30,10,12,7,13,3,0,1,0,3,-1,0,1
Uganda,Family,4,4,6,9,7,10,12,13,15,10,18,29,20,45,47,32
Ukraine,Family,245,180,209,160,166,210,189,228,206,211,219,170,185,194,193,170
UN Convention Refugee,Family,7,13,8,3,3,4,5,4,7,2,3,19,29,9,7,10
United Arab Emirates,Family,0,1,2,3,0,4,3,0,0,3,1,2,1,1,1,2
United Kingdom,Family,5216,4284,4157,3997,5017,5798,6133,6822,6581,6959,6540,6176,7360,7229,5806,5746
United Nations Organisation,Family,0,0,0,0,0,1,0,0,0,0,0,0,0,0,0,0
United States of America,Family,1456,1268,1134,1314,1552,1893,1768,1956,1802,1775,1895,1860,1895,2011,1794,1896
Unknown,Family,32,13,17,493,81,-2,-79,-164,-141,67,9,40,110,4,9,9
Uruguay,Family,33,19,23,20,42,24,41,43,42,40,22,23,23,17,17,19
Uzbekistan,Family,22,9,11,10,15,27,14,22,32,28,39,46,33,36,37,39
Vanuatu,Family,14,8,6,12,18,14,13,17,13,24,21,26,9,30,27,19
Venezuela,Family,23,12,16,21,19,23,32,40,30,15,20,31,42,36,33,57
Vietnam,Family,1887,1928,2415,1810,1787,2147,2667,2119,1868,2307,3040,2365,2723,3273,3323,3685
West Bank,Family,7,12,3,0,0,1,0,1,1,0,1,0,0,0,0,0
Yemen,Family,0,3,5,5,3,3,1,1,9,5,7,3,8,0,8,7
"Yugoslavia, Fed Republic of",Family,406,308,307,278,231,330,309,178,67,45,28,23,45,18,5,4
Zambia,Family,13,2,4,0,4,6,7,9,23,14,27,31,13,31,42,41
Zimbabwe,Family,49,30,51,42,76,72,59,121,84,107,108,126,150,192,171,169
(blank),Skill,0,0,0,0,0,0,0,0,0,0,0,0,1,0,0,0
Afghanistan,Skill,0,0,2,7,0,0,6,0,5,0,0,4,14,2,14,25
Africa (so stated),Skill,1,9,36,4,0,0,0,0,0,3,1,4,2,0,0,0
Albania,Skill,0,7,3,4,8,4,137,3,10,28,27,19,35,45,38,44
Algeria,Skill,13,5,5,8,2,1,2,3,1,3,3,2,1,4,5,0
"America, Central (so stated)",Skill,0,0,0,0,0,0,0,0,0,0,0,0,1,0,0,0
American Samoa,Skill,0,0,0,0,0,2,0,0,1,4,0,0,0,0,1,1
Andorra,Skill,1,0,0,0,0,0,0,0,0,0,1,0,0,0,0,0
Angola,Skill,0,0,1,1,0,0,0,0,0,0,0,0,0,0,0,0
Antigua and Barbuda,Skill,0,0,0,0,0,0,0,0,0,0,1,0,0,0,0,1
Argentina,Skill,63,14,33,30,34,53,117,357,232,185,98,101,106,122,74,161
Armenia,Skill,21,12,13,8,13,7,20,8,1,1,9,2,28,1,4,29
Aust. Ext. Terr. (so stated),Skill,0,0,0,0,0,0,0,0,0,0,0,0,1,0,1,0
Austria,Skill,40,41,61,50,56,51,83,66,58,67,88,77,92,92,62,102
Azerbaijan,Skill,0,5,2,4,3,4,2,19,5,8,3,11,5,5,8,28
Bahamas,Skill,0,0,0,0,0,0,0,0,0,1,0,1,0,0,0,0
Bahrain,Skill,4,1,6,0,0,5,-1,1,4,4,7,4,5,3,4,12
Bangladesh,Skill,387,184,196,179,164,515,546,902,1074,1392,1920,2260,1552,1558,1620,2005
Barbados,Skill,0,0,0,0,1,0,1,3,1,0,1,0,1,0,5,0
Belarus,Skill,27,13,21,9,14,11,29,22,23,36,15,21,38,21,33,26
Belgium,Skill,51,48,54,54,71,78,90,54,63,85,82,91,99,116,111,132
Belize,Skill,3,5,2,3,6,0,0,0,1,0,5,1,0,0,0,1
Benin,Skill,0,0,0,0,0,1,0,0,0,0,2,0,0,0,0,3
Bermuda,Skill,0,1,1,0,6,3,0,0,0,0,0,0,3,0,0,0
Bhutan,Skill,0,4,4,0,0,0,0,0,0,1,2,0,4,0,6,3
Bolivia,Skill,4,2,4,0,1,1,1,5,6,1,12,6,8,14,17,11
Bosnia-Herzegovina,Skill,20,19,14,15,14,15,6,25,17,12,11,22,18,19,22,9
Botswana,Skill,4,2,0,2,0,8,17,5,12,16,18,36,33,50,28,62
Brazil,Skill,46,23,45,48,81,113,103,127,212,274,320,437,528,722,506,604
British Indian Ocean Terr,Skill,0,0,0,0,0,0,0,0,0,1,0,0,0,0,0,0
British West Indies (stated),Skill,0,0,0,0,0,0,0,0,0,1,0,0,0,0,0,0
Brunei Darussallam,Skill,4,9,9,12,32,20,38,54,30,48,32,30,19,24,19,23
Bulgaria,Skill,54,77,74,91,71,59,43,64,51,49,45,49,42,29,38,54
Burkina Faso,Skill,0,0,0,0,0,0,1,0,0,0,0,0,0,10,0,0
Burundi,Skill,0,0,0,0,0,0,0,0,0,0,0,0,0,0,1,0
"Cambodia, the Kingdom of",Skill,3,1,11,3,19,11,9,24,44,47,52,33,44,46,54,53
Cameroon,Skill,0,3,0,3,0,0,4,4,2,6,3,9,10,2,2,1
Canada,Skill,677,556,371,341,440,468,481,550,588,692,655,790,832,965,837,1101
Cape Verde,Skill,2,0,0,0,1,0,0,0,0,0,0,0,0,0,0,0
Cayman Islands,Skill,0,0,0,0,0,0,0,0,0,0,0,0,1,0,0,0
Central African Republic,Skill,0,0,0,0,0,0,0,0,0,0,0,0,0,0,0,1
Central America (so stated),Skill,1,0,0,0,0,0,0,0,0,0,0,0,0,0,0,0
Chile,Skill,72,48,106,39,37,15,20,22,64,42,58,54,97,103,102,123
Colombia,Skill,26,22,20,24,68,84,143,203,196,193,184,268,274,436,423,575
Comoros,Skill,0,0,0,0,0,0,0,0,0,0,0,0,0,1,0,0
Congo,Skill,0,0,0,0,0,0,0,0,0,5,1,0,8,5,2,4
Cook Islands,Skill,0,0,0,0,0,1,0,0,0,0,1,0,0,0,0,0
Costa Rica,Skill,0,1,0,0,4,2,1,0,3,1,1,6,0,2,1,5
Cote d'Ivoire,Skill,0,0,0,0,0,0,2,1,0,0,0,0,0,1,0,0
Croatia,Skill,48,40,24,7,37,33,20,24,7,17,18,33,42,28,23,25
Cuba,Skill,4,0,4,8,1,2,0,3,1,3,9,13,11,7,6,15
Cyprus,Skill,5,19,21,8,9,7,11,10,2,5,9,2,5,5,1,3
Czech Republic,Skill,10,15,18,16,27,50,39,62,68,102,89,90,82,55,88,99
Czechoslovakia,Skill,2,5,4,1,2,0,2,2,2,3,3,1,0,0,0,1
Dem Republic Of Timor-Leste,Skill,0,0,0,0,0,2,0,2,1,1,4,1,6,4,1,0
Democratic Republic of Congo,Skill,1,0,0,0,0,0,0,0,0,1,0,0,1,4,2,3
Denmark,Skill,98,45,28,38,82,111,74,73,83,82,66,107,92,56,62,70
Djibouti,Skill,0,0,0,0,0,0,0,0,0,0,0,0,0,0,5,0
Dominica,Skill,0,0,0,0,0,0,1,0,0,1,0,0,0,0,0,1
Dominican Republic,Skill,2,0,0,0,0,1,1,0,0,1,2,2,4,0,3,2
Ecuador,Skill,13,4,2,0,0,12,7,0,8,9,4,9,23,8,16,10
"Egypt, Arab Republic of",Skill,168,80,121,129,75,81,189,257,275,368,322,486,579,733,389,780
El Salvador,Skill,0,2,4,4,0,5,1,2,4,2,13,24,16,30,9,4
Equatorial Guinea,Skill,0,0,0,0,0,0,0,0,0,0,0,0,0,0,0,1
Eritrea,Skill,0,4,0,0,0,12,0,8,0,5,4,8,13,4,0,11
Estonia,Skill,4,0,1,5,5,9,9,4,5,7,15,14,15,36,25,32
Ethiopia,Skill,6,7,6,1,7,14,14,22,2,21,15,18,36,16,38,27
Europe (so stated),Skill,0,2,0,0,0,0,0,0,1,0,0,0,0,0,0,0
Faeroe Islands,Skill,0,0,0,0,0,1,0,0,0,0,0,0,0,0,0,0
Fed. States of Micronesia,Skill,0,0,0,0,0,0,0,0,1,0,0,0,0,0,0,0
Fiji,Skill,731,784,782,795,1214,853,1038,884,858,977,739,871,809,553,688,676
Finland,Skill,28,24,6,6,43,20,22,26,40,46,61,58,58,55,67,78
Fmr Yugo Rep of Macedonia,Skill,113,149,133,59,108,109,84,72,35,42,25,48,30,44,30,60
France,Skill,220,148,156,156,202,242,342,329,355,372,368,496,554,623,764,883
French Polynesia,Skill,0,0,6,0,1,0,1,2,0,3,2,0,0,0,0,0
Gabon,Skill,0,0,0,0,0,0,0,0,0,0,0,5,0,0,0,0
Gambia,Skill,0,0,0,0,0,0,0,0,0,0,0,0,0,3,0,0
Gaza Strip,Skill,0,2,0,0,1,0,0,0,2,0,0,0,0,0,0,0
Georgia,Skill,11,7,3,14,7,2,3,1,5,2,10,3,7,9,0,5
"Germany, Federal Rep. Of",Skill,471,388,416,475,528,654,641,614,737,840,885,997,1228,1227,1146,1148
Ghana,Skill,31,21,13,20,25,28,34,25,29,48,41,51,74,81,80,78
Greece,Skill,27,32,17,3,24,32,22,20,29,34,24,30,35,26,14,39
Grenada,Skill,0,0,0,0,0,0,0,0,0,0,0,1,1,1,0,2
Guatemala,Skill,1,1,0,0,0,4,1,1,1,2,1,6,9,4,6,3
Guinea,Skill,0,0,1,0,1,0,0,3,0,0,0,2,0,1,1,6
Guyana,Skill,2,0,0,0,1,1,0,0,5,2,1,0,3,0,1,3
Honduras,Skill,3,1,5,0,0,-1,3,0,1,0,1,5,0,1,1,0
Hong Kong (SAR of China),Skill,2830,2816,1473,955,1106,916,1364,1532,1904,1939,1515,1314,918,499,631,471
Hungary,Skill,44,18,24,23,50,30,52,70,75,77,126,133,176,211,186,275
Iceland,Skill,2,0,1,1,5,1,1,1,1,7,6,6,9,1,4,8
India,Skill,2098,2164,2274,4068,4675,6056,8203,9237,9820,14027,15865,19281,20105,18042,17331,23512
Indo-China (so stated),Skill,0,0,1,0,0,0,0,0,0,0,0,0,0,0,0,0
Indonesia,Skill,1272,1630,2274,2759,3836,4410,3147,2544,1938,1650,1473,1811,1425,982,1621,1240
Iran,Skill,193,174,114,209,204,150,217,161,265,367,453,647,1711,1640,1813,2774
Iraq,Skill,60,31,29,28,44,12,36,55,54,41,30,46,136,121,110,99
Irish Republic,Skill,719,682,633,562,521,601,741,851,1000,1194,1270,1389,1799,2219,2934,4109
Israel,Skill,69,96,75,75,106,203,251,441,408,349,314,363,350,396,292,282
Italy,Skill,92,100,111,90,144,227,136,181,171,211,218,291,398,341,503,508
Jamaica,Skill,1,7,0,10,5,3,0,1,9,5,2,4,6,3,2,8
Japan,Skill,364,396,363,267,444,549,613,752,878,1004,1038,939,869,641,674,792
Jordan,Skill,226,112,93,101,152,72,133,182,211,178,108,151,186,155,117,181
Kazakhstan,Skill,35,13,18,36,16,5,10,26,24,27,28,54,53,32,23,55
Kenya,Skill,55,174,148,140,179,314,313,364,319,353,339,335,334,244,352,430
Kiribati,Skill,1,0,1,0,0,0,4,0,0,0,1,0,6,11,0,0
"Korea, Dem Peoples Rep Of",Skill,1,0,0,0,2,5,16,8,2,5,6,6,6,4,2,2
"Korea, Republic of",Skill,298,389,396,413,760,1292,1357,1975,2668,3288,3105,4331,3807,3150,3282,3670
Kosovar,Skill,0,0,0,0,0,0,0,0,0,0,0,0,0,1,3,3
Kuwait,Skill,2,1,2,4,5,3,2,11,3,4,4,4,8,2,2,3
Kyrgyzstan,Skill,0,10,0,4,7,3,10,16,14,18,9,16,12,8,5,19
Lao Peoples Democratic Rep,Skill,5,1,1,2,4,1,6,7,8,6,5,16,7,7,10,16
Latvia,Skill,4,0,5,0,3,4,12,13,20,10,9,23,23,28,20,31
Lebanon,Skill,113,147,84,75,107,78,105,161,164,200,166,231,334,161,174,278
Lesotho,Skill,0,0,0,0,0,3,0,0,0,2,0,2,0,3,6,0
Liberia,Skill,0,0,0,0,0,0,1,0,0,0,0,0,0,0,0,0
Libya,Skill,0,2,2,5,2,1,1,0,0,2,5,5,13,6,3,3
Liechtenstein,Skill,0,0,0,0,2,0,1,1,0,0,0,1,0,0,0,0
Lithuania,Skill,5,3,7,5,15,13,7,10,16,10,9,14,15,29,21,44
Luxembourg,Skill,0,0,0,0,0,0,0,0,0,3,0,5,0,6,0,5
Macau Spec Admin Rgn,Skill,0,1,2,28,19,33,29,29,16,42,29,28,26,11,17,5
Madagascar,Skill,0,0,0,1,0,0,1,0,0,0,2,1,1,0,0,1
Malawi,Skill,2,2,1,1,0,1,11,11,2,11,25,5,16,9,17,22
Malaysia,Skill,704,679,1129,1446,2148,2055,4236,3611,3782,4172,3838,4185,4089,4277,4192,4617
Maldives,Skill,0,0,4,0,8,4,3,8,24,19,17,33,15,34,18,22
Mali,Skill,0,0,0,0,0,0,0,1,0,0,0,0,0,0,0,1
Malta,Skill,5,14,10,4,7,6,45,20,38,32,77,48,21,29,21,25
Marshall Islands,Skill,0,3,3,0,0,0,0,0,0,0,0,0,0,0,0,0
Mauritania,Skill,0,0,1,0,0,1,0,1,0,0,0,1,0,1,0,0
Mauritius,Skill,43,47,69,80,79,162,202,265,324,428,434,561,625,386,658,728
Mayotte,Skill,0,0,0,0,0,0,1,0,0,0,0,0,0,0,0,0
Mexico,Skill,21,19,12,10,24,15,22,40,69,121,131,218,179,205,139,220
Moldova,Skill,14,11,0,8,10,12,20,19,11,9,13,18,12,11,12,29
Monaco,Skill,0,0,0,0,0,0,0,0,0,0,0,1,0,0,0,0
Mongolia,Skill,0,0,0,0,3,3,11,8,7,5,17,17,24,16,13,34
Montenegro,Skill,0,0,0,0,0,0,0,0,0,0,0,0,3,1,0,0
Morocco,Skill,4,6,4,9,3,4,4,2,7,5,5,1,11,7,5,14
Mozambique,Skill,1,9,0,0,5,1,2,4,7,0,4,0,8,13,5,8
Myanmar,Skill,17,25,14,7,38,90,68,76,119,115,96,137,223,204,182,246
Namibia,Skill,5,5,13,15,8,23,45,24,27,20,12,16,21,38,21,14
Nauru,Skill,0,0,4,0,2,8,0,5,10,0,0,0,0,0,1,8
Nepal,Skill,30,53,37,93,156,306,339,380,421,459,496,672,724,1014,1784,2069
Netherlands,Skill,217,179,243,276,297,306,382,406,435,543,596,671,598,557,470,579
Netherlands Antilles,Skill,2,0,0,1,3,0,1,0,1,0,1,1,0,1,1,0
New Caledonia,Skill,0,0,0,4,1,2,0,2,1,2,0,4,6,0,1,0
Nicaragua,Skill,0,0,0,0,0,0,0,0,0,2,1,0,1,1,2,3
Niger,Skill,0,0,0,10,1,0,0,3,1,6,1,2,0,0,0,0
Nigeria,Skill,28,60,34,37,64,81,63,133,113,61,148,170,225,243,204,271
North Africa (so stated),Skill,0,0,1,0,0,0,0,0,0,0,0,0,0,0,0,0
Northern Mariana Islands,Skill,0,0,0,0,0,0,0,0,0,0,1,0,0,0,0,0
Norway,Skill,19,15,15,11,8,33,72,43,65,74,67,52,66,46,45,39
Oman,Skill,0,2,7,1,0,0,1,0,8,7,8,8,10,0,5,3
Pakistan,Skill,319,313,364,578,747,750,702,890,1042,1156,952,1120,1344,1089,1385,3325
Palestinian Authority,Skill,0,0,7,1,10,24,19,22,29,31,22,23,30,18,23,46
Panama,Skill,1,3,3,0,0,0,0,1,5,0,2,1,2,2,1,0
Papua New Guinea,Skill,25,18,26,12,58,40,53,50,59,118,138,174,273,383,391,373
Paraguay,Skill,1,0,0,0,6,1,1,1,6,8,2,2,7,6,1,3
People's Republic of China,Skill,2065,1890,2547,2417,3713,4963,5628,8741,8953,12672,14688,14924,13927,14505,20441,15759
Peru,Skill,55,26,29,17,22,34,39,51,95,203,166,159,201,153,186,164
Philippines,Skill,902,766,1358,1228,1376,1352,1476,2136,2369,3184,3182,3860,5789,6832,7849,9057
Poland,Skill,198,128,92,68,66,60,63,123,213,249,259,262,253,242,261,329
Portugal,Skill,138,97,83,45,53,60,63,66,93,86,71,104,106,120,152,190
Puerto Rico,Skill,0,0,0,0,0,0,0,0,0,0,1,0,0,0,0,0
Qatar,Skill,0,5,0,0,1,3,1,1,0,1,4,2,5,0,0,0
Refugee,Skill,0,2,0,0,0,0,1,0,1,0,0,1,0,0,0,0
Reunion,Skill,0,0,3,0,0,0,0,1,0,0,0,0,1,0,0,0
Romania,Skill,171,171,194,140,159,135,122,139,137,130,174,160,124,134,139,199
Russian Federation,Skill,328,136,223,135,269,306,276,344,465,456,326,558,683,702,523,860
Rwanda,Skill,0,0,0,0,0,0,2,0,1,0,0,0,0,1,1,0
Samoa,Skill,4,0,15,3,8,1,6,10,3,5,1,13,27,4,1,11
San Marino,Skill,0,0,0,0,0,1,0,0,0,0,0,0,0,0,0,0
Sao Tome & Principe,Skill,0,0,0,0,0,0,0,0,0,0,0,2,0,0,0,0
Saudi Arabia,Skill,2,10,2,1,1,1,3,4,1,11,3,11,10,17,11,10
Senegal,Skill,0,2,1,2,0,1,0,1,0,0,0,1,0,0,2,1
Serbia,Skill,0,0,0,0,0,0,0,0,0,0,0,29,36,94,88,89
Serbia and Montenegro,Skill,0,0,0,0,0,0,0,7,26,27,69,23,29,9,6,0
Seychelles,Skill,1,10,0,12,1,25,26,29,12,29,16,25,25,44,27,36
Sierra Leone,Skill,6,0,4,0,2,0,0,0,0,1,8,1,5,8,0,1
Singapore,Skill,761,640,623,729,1488,1807,2308,2969,3189,3128,1877,1869,1635,1369,1172,1429
Slovakia,Skill,50,37,24,18,39,51,59,75,108,72,104,74,72,69,80,77
Slovenia,Skill,18,13,3,1,8,17,9,13,15,23,44,56,36,42,32,67
Solomon Islands,Skill,4,22,1,14,9,15,33,14,35,3,16,13,36,25,15,18
Somalia,Skill,3,8,10,0,1,0,0,0,0,11,9,0,0,5,0,3
"South Africa, Republic of",Skill,3081,5245,5735,4663,6199,6371,6538,5371,3789,3895,4293,6556,10485,9855,7595,6724
South America (so stated),Skill,0,0,0,0,0,0,0,0,0,1,3,1,0,0,0,0
Southeast Asia (so stated),Skill,1,0,0,0,0,0,0,0,0,0,0,0,0,0,0,0
Spain,Skill,24,12,10,6,24,22,26,35,41,26,71,69,94,94,129,140
Sri Lanka,Skill,707,596,415,664,1035,1648,1368,1376,2100,2645,2606,3558,3531,4049,3846,4755
St Kitts-Nevis,Skill,0,0,0,0,0,0,0,0,0,0,0,0,1,0,0,0
St Lucia,Skill,0,0,0,0,0,0,0,0,0,0,0,0,0,0,1,9
St Vincent & the Grenadines,Skill,0,0,0,0,0,0,0,0,0,0,0,0,1,0,0,0
Stateless,Skill,479,65,74,39,58,21,19,11,20,47,13,8,9,4,2,10
Sudan,Skill,17,1,16,2,10,5,7,9,1,9,2,4,6,27,27,11
Suriname,Skill,1,0,0,0,0,2,0,2,0,0,0,3,2,2,3,0
Swaziland,Skill,0,0,2,1,0,0,0,1,5,0,5,5,10,0,0,0
Sweden,Skill,53,30,54,36,56,126,122,110,141,124,107,165,207,168,150,170
Switzerland,Skill,197,118,126,122,136,184,127,171,139,136,144,158,127,149,117,138
Syria,Skill,39,31,22,31,34,29,20,29,42,47,52,39,47,21,37,35
Tadjikistan,Skill,0,1,0,0,0,4,1,0,0,0,0,0,1,7,3,3
Taiwan,Skill,1712,1359,1221,1153,1481,1299,1111,824,650,710,678,633,375,386,402,293
Tanzania,Skill,4,4,3,7,14,20,12,19,11,21,21,18,30,28,35,28
Thailand,Skill,61,48,59,53,163,414,304,464,475,508,634,747,462,305,449,549
Tonga,Skill,20,13,15,23,19,10,20,16,13,25,20,41,23,17,11,22
Trinidad and Tobago,Skill,2,26,0,2,6,7,3,14,8,3,11,7,7,18,13,24
Tunisia,Skill,5,8,2,0,3,0,0,0,0,4,0,3,1,1,4,5
Turkey,Skill,133,165,63,62,60,91,142,172,116,109,89,137,184,91,237,151
Turkmenistan,Skill,0,0,0,4,0,0,0,1,4,2,1,0,0,2,0,1
Tuvalu,Skill,0,0,0,8,4,0,0,0,4,0,0,0,0,16,0,0
U.S.S.R.,Skill,86,32,39,57,12,24,21,27,9,5,5,1,15,0,0,0
Uganda,Skill,7,0,1,3,4,6,10,13,22,9,13,20,16,7,22,22
Ukraine,Skill,247,122,156,89,100,113,107,139,131,134,138,138,148,189,156,214
UN Convention Refugee,Skill,4,0,1,3,0,1,3,0,0,0,-2,0,0,0,0,0
United Arab Emirates,Skill,0,2,5,1,1,6,3,32,6,17,21,18,33,2,2,3
United Kingdom,Skill,7803,8202,7722,6062,6600,9052,15910,15153,19235,25119,24800,23155,23177,18487,18091,19463
United Nations Organisation,Skill,0,0,0,0,0,0,0,0,0,0,0,1,0,0,0,0
United States of America,Skill,966,731,568,531,733,780,776,978,1055,1153,906,1098,1149,1203,1101,1444
Unknown,Skill,366,24,15,1240,263,282,178,111,547,1822,762,319,234,9,11,18
Uruguay,Skill,4,9,2,0,4,8,4,19,16,20,12,11,12,14,11,8
Uzbekistan,Skill,25,12,9,24,3,21,19,20,29,18,23,32,26,33,31,36
Vanuatu,Skill,2,0,5,7,4,5,6,7,7,0,6,0,5,3,1,3
Vatican City,Skill,0,0,0,0,0,0,0,0,1,0,0,0,0,0,1,0
Venezuela,Skill,102,48,9,14,32,49,48,52,138,188,164,265,269,357,223,303
Vietnam,Skill,111,48,45,54,140,229,258,366,504,508,434,556,562,676,1383,1068
Yemen,Skill,19,8,1,0,8,9,1,2,1,0,2,8,4,3,4,13
"Yugoslavia, Fed Republic of",Skill,159,133,137,112,146,165,85,67,74,61,70,66,75,38,9,12
Zambia,Skill,15,9,2,5,9,49,26,44,31,50,52,74,71,115,128,141
Zimbabwe,Skill,48,59,152,295,499,894,1131,1241,935,1004,1120,1172,1477,1560,1265,852
Afghanistan,Special Eligibility,0,0,0,0,0,0,0,0,0,0,0,0,0,0,0,1
Albania,Special Eligibility,5,0,0,0,0,0,0,0,0,2,2,0,8,5,10,11
Algeria,Special Eligibility,0,0,1,0,0,0,0,0,0,0,0,0,0,0,0,2
Antigua and Barbuda,Special Eligibility,0,0,0,0,0,1,0,0,0,0,0,0,0,0,0,0
Argentina,Special Eligibility,3,7,2,0,1,6,6,0,8,0,0,0,5,0,0,0
Austria,Special Eligibility,6,0,0,4,0,2,0,0,0,0,0,0,0,0,0,0
Bahrain,Special Eligibility,0,0,0,0,0,0,0,0,0,0,0,0,0,0,0,3
Bangladesh,Special Eligibility,15,8,6,4,0,5,1,2,2,3,0,0,6,43,25,5
Belgium,Special Eligibility,2,0,0,0,0,0,0,0,0,0,0,0,0,0,0,0
Bolivia,Special Eligibility,0,0,0,0,0,0,1,2,0,0,0,0,0,0,0,1
Bosnia-Herzegovina,Special Eligibility,0,0,1,1,0,0,0,0,0,0,0,0,1,0,0,0
Brazil,Special Eligibility,5,1,0,0,0,1,0,0,0,0,0,0,4,0,1,5
"Cambodia, the Kingdom of",Special Eligibility,0,2,0,0,2,0,1,1,3,0,0,0,0,5,0,0
Cameroon,Special Eligibility,0,0,0,0,0,0,0,0,0,0,0,0,0,0,0,1
Canada,Special Eligibility,8,6,14,4,0,5,6,3,2,1,5,0,1,0,0,5
Chile,Special Eligibility,2,1,0,5,2,5,1,1,0,0,1,1,0,2,4,2
Colombia,Special Eligibility,0,4,0,0,0,2,4,4,2,2,3,0,0,4,4,7
Congo,Special Eligibility,0,0,0,0,0,0,0,0,0,0,0,0,0,1,0,0
Cote d'Ivoire,Special Eligibility,0,0,0,0,0,0,0,0,0,0,0,0,0,1,0,0
Croatia,Special Eligibility,2,0,11,1,1,1,13,2,5,0,0,0,0,0,0,0
Cuba,Special Eligibility,0,0,0,0,0,0,1,0,0,0,0,0,0,0,1,0
Cyprus,Special Eligibility,0,0,0,2,0,0,0,1,0,0,0,0,0,0,0,0
Czech Republic,Special Eligibility,2,0,0,0,0,0,1,0,0,0,0,0,0,0,0,0
Dem Republic Of Timor-Leste,Special Eligibility,0,0,0,0,1,9,77,24,0,0,0,0,1,6,1,0
Democratic Republic of Congo,Special Eligibility,0,2,0,0,0,0,0,0,0,0,0,0,0,0,0,0
Denmark,Special Eligibility,1,0,3,1,4,0,1,0,0,1,0,0,0,0,0,0
Dominican Republic,Special Eligibility,1,0,0,0,1,0,0,0,0,0,0,0,0,0,0,0
Ecuador,Special Eligibility,0,0,0,0,0,1,1,0,0,0,0,0,0,0,0,1
"Egypt, Arab Republic of",Special Eligibility,2,1,0,0,0,5,1,0,0,2,0,0,2,2,10,17
El Salvador,Special Eligibility,0,0,0,0,2,0,0,0,0,0,0,0,0,0,0,1
Eritrea,Special Eligibility,0,0,0,0,0,0,0,0,0,0,0,0,0,0,0,1
Ethiopia,Special Eligibility,0,0,0,0,1,1,0,0,0,0,0,0,0,1,0,8
Fiji,Special Eligibility,407,321,207,48,35,39,38,32,13,21,21,12,10,46,44,50
Finland,Special Eligibility,0,1,4,0,0,0,0,2,2,4,0,0,0,0,0,0
Fmr Yugo Rep of Macedonia,Special Eligibility,0,1,11,10,14,21,13,7,8,0,0,2,1,0,9,4
France,Special Eligibility,4,9,2,4,1,1,0,2,0,0,6,0,0,1,0,0
Gambia,Special Eligibility,0,0,1,0,0,0,0,0,0,0,0,0,0,0,1,0
"Germany, Federal Rep. Of",Special Eligibility,6,1,3,5,3,1,8,2,11,6,2,6,1,11,2,7
Ghana,Special Eligibility,4,8,0,1,0,0,0,0,0,0,0,0,0,1,1,1
Greece,Special Eligibility,4,0,8,0,3,4,1,2,1,0,0,3,1,0,1,0
Guinea,Special Eligibility,0,0,0,0,0,0,0,0,0,0,0,0,0,0,0,1
Guyana,Special Eligibility,0,0,0,2,0,0,0,0,0,0,0,0,0,0,0,0
Honduras,Special Eligibility,0,0,0,0,0,0,1,0,0,0,0,0,0,0,0,0
Hong Kong (SAR of China),Special Eligibility,25,10,6,7,6,8,7,3,3,2,0,1,1,2,1,2
Hungary,Special Eligibility,0,1,0,0,0,0,0,0,0,0,0,0,0,0,0,2
Iceland,Special Eligibility,1,0,0,0,0,0,0,0,0,0,0,0,0,0,0,0
India,Special Eligibility,42,17,8,3,3,8,9,12,4,11,6,2,1,19,11,17
Indonesia,Special Eligibility,67,66,58,20,32,33,136,59,23,18,9,4,5,61,48,29
Iran,Special Eligibility,0,1,0,0,1,2,4,1,1,2,0,2,0,6,2,9
Iraq,Special Eligibility,0,0,1,2,1,1,0,0,0,0,0,1,0,0,2,0
Irish Republic,Special Eligibility,14,3,7,2,5,1,12,0,0,0,2,1,1,0,0,1
Israel,Special Eligibility,3,0,0,0,1,4,1,2,0,0,1,0,0,1,0,1
Italy,Special Eligibility,18,5,17,7,13,3,7,6,11,1,3,16,3,6,3,2
Japan,Special Eligibility,3,4,0,7,2,6,1,5,0,2,0,0,0,0,0,1
Jordan,Special Eligibility,1,0,1,0,1,0,2,0,0,0,0,0,0,0,1,1
Kazakhstan,Special Eligibility,0,0,0,0,2,0,0,1,0,0,0,0,0,0,0,3
Kenya,Special Eligibility,0,0,0,0,0,0,0,0,0,0,0,0,4,1,2,7
Kiribati,Special Eligibility,0,0,0,0,0,1,0,0,0,0,0,0,0,0,0,0
"Korea, Dem Peoples Rep Of",Special Eligibility,0,0,2,0,0,0,4,1,0,0,1,0,0,0,1,0
"Korea, Republic of",Special Eligibility,239,161,77,21,20,57,175,123,33,42,19,12,9,23,28,96
Kuwait,Special Eligibility,1,0,0,0,1,0,0,0,0,0,0,0,0,0,0,0
Lao Peoples Democratic Rep,Special Eligibility,0,0,0,0,0,0,0,0,0,0,0,0,0,2,3,0
Latvia,Special Eligibility,0,0,0,0,2,0,1,1,0,0,0,0,0,0,0,0
Lebanon,Special Eligibility,21,14,12,27,30,40,9,4,3,4,2,0,0,8,3,7
Lithuania,Special Eligibility,0,0,0,0,0,0,0,0,0,0,0,0,0,4,0,3
Macau Spec Admin Rgn,Special Eligibility,1,1,0,0,0,0,1,0,0,0,0,0,0,0,0,0
Malawi,Special Eligibility,0,0,0,0,0,0,0,0,0,0,0,0,3,0,0,0
Malaysia,Special Eligibility,23,9,1,4,10,0,1,1,1,0,0,0,2,3,5,5
Malta,Special Eligibility,4,2,7,0,3,2,3,1,5,0,5,1,0,0,4,1
Mauritius,Special Eligibility,0,0,0,0,0,0,0,0,1,0,0,0,0,2,0,8
Mexico,Special Eligibility,0,2,0,0,0,3,0,1,0,0,1,0,0,0,1,1
Mongolia,Special Eligibility,0,0,0,0,0,0,0,0,0,0,0,0,0,0,0,1
Morocco,Special Eligibility,0,0,0,0,2,0,0,0,0,0,0,0,0,0,0,1
Myanmar,Special Eligibility,2,0,0,0,0,3,0,2,1,1,0,0,1,3,5,7
Nauru,Special Eligibility,0,0,0,0,0,0,0,0,0,1,0,0,0,0,0,5
Nepal,Special Eligibility,0,0,1,0,0,1,0,1,0,1,0,0,0,7,1,4
Netherlands,Special Eligibility,13,8,6,6,10,1,11,4,10,1,2,1,5,0,1,3
New Caledonia,Special Eligibility,0,2,0,0,0,0,0,0,0,0,0,0,0,0,0,0
Nicaragua,Special Eligibility,0,0,0,0,0,0,0,1,0,0,0,0,0,1,0,0
Nigeria,Special Eligibility,0,0,6,0,0,0,0,0,0,0,0,0,1,1,0,0
Norway,Special Eligibility,0,0,0,0,0,0,0,4,0,0,1,0,0,0,0,0
Pakistan,Special Eligibility,24,32,7,2,0,3,1,4,2,0,1,1,1,12,2,5
Palestinian Authority,Special Eligibility,0,0,0,0,0,8,0,0,0,0,0,0,0,1,1,3
Papua New Guinea,Special Eligibility,4,9,7,0,1,0,6,1,0,1,0,5,0,0,5,2
People's Republic of China,Special Eligibility,5,4,21,2006,1700,705,285,229,56,28,4,8,3,45,29,47
Peru,Special Eligibility,2,0,0,0,0,1,0,0,2,0,0,0,0,4,1,0
Philippines,Special Eligibility,40,31,23,10,14,5,21,8,10,6,0,6,1,21,13,17
Poland,Special Eligibility,2,0,4,0,0,0,1,1,2,2,1,0,0,2,1,2
Portugal,Special Eligibility,0,3,2,1,0,1,6,1,0,2,0,0,3,0,1,0
Romania,Special Eligibility,0,0,0,0,3,2,1,1,0,0,0,0,0,0,6,0
Russian Federation,Special Eligibility,0,0,0,0,0,0,3,1,1,2,0,0,0,3,1,4
Samoa,Special Eligibility,12,5,7,0,3,1,6,0,6,0,0,0,0,2,1,1
Serbia,Special Eligibility,0,0,0,0,0,0,0,0,0,0,0,0,0,0,0,2
Sierra Leone,Special Eligibility,0,0,0,0,0,0,0,1,0,0,0,0,0,0,0,0
Singapore,Special Eligibility,5,3,4,0,2,0,0,2,0,1,0,3,0,2,0,3
Slovakia,Special Eligibility,0,0,0,0,0,0,0,0,0,0,0,0,0,0,0,1
Slovenia,Special Eligibility,0,0,1,0,0,0,0,0,0,0,0,0,0,0,0,0
Solomon Islands,Special Eligibility,2,0,0,0,0,0,0,0,0,0,0,0,0,0,0,1
Somalia,Special Eligibility,0,0,0,0,0,1,0,0,0,0,0,0,0,0,1,3
"South Africa, Republic of",Special Eligibility,18,6,12,5,1,2,2,7,0,1,2,0,4,6,15,17
Spain,Special Eligibility,2,0,0,1,9,0,1,1,1,2,2,3,0,2,4,0
Sri Lanka,Special Eligibility,0,5,22,122,143,150,85,103,34,13,7,2,12,33,13,28
Stateless,Special Eligibility,1,4,0,1,1,0,3,2,2,3,0,0,0,4,1,3
Sudan,Special Eligibility,0,0,0,0,0,0,0,0,0,0,0,0,0,0,0,1
Sweden,Special Eligibility,13,2,3,0,0,0,4,4,0,0,0,0,0,0,0,4
Switzerland,Special Eligibility,6,1,2,0,0,0,2,1,0,0,0,0,0,0,0,0
Syria,Special Eligibility,6,0,0,1,0,1,0,0,0,1,0,0,0,0,0,1
Taiwan,Special Eligibility,10,5,8,2,3,2,1,0,3,0,0,0,1,1,2,1
Tanzania,Special Eligibility,0,0,0,0,4,0,2,0,0,0,0,0,0,1,0,0
Thailand,Special Eligibility,13,4,0,4,0,4,4,0,4,2,0,0,3,6,1,10
Tonga,Special Eligibility,285,108,102,4,16,23,14,31,13,22,7,16,6,26,19,14
Turkey,Special Eligibility,13,12,8,14,7,4,4,15,4,3,4,3,0,19,11,6
Tuvalu,Special Eligibility,0,0,0,0,0,0,1,0,0,0,0,0,0,0,0,0
U.S.S.R.,Special Eligibility,0,0,0,0,1,0,2,0,0,0,0,0,0,0,0,0
Uganda,Special Eligibility,0,0,0,0,0,0,0,0,0,0,0,0,0,0,0,2
Ukraine,Special Eligibility,0,0,0,0,1,2,2,0,1,1,0,0,0,0,0,1
United Arab Emirates,Special Eligibility,0,0,0,0,0,0,0,0,0,0,0,0,0,0,0,1
United Kingdom,Special Eligibility,246,165,120,61,118,156,145,117,126,74,61,97,52,22,34,65
United States of America,Special Eligibility,34,23,14,13,15,5,3,7,14,9,15,5,2,8,3,15
Unknown,Special Eligibility,10,10,2,385,134,10,5,7,4,1,1,2,7,0,0,1
Uruguay,Special Eligibility,2,0,0,0,0,1,0,0,0,0,0,4,0,0,0,0
Vanuatu,Special Eligibility,0,0,0,0,0,0,0,0,0,0,0,0,0,0,0,1
Vietnam,Special Eligibility,2,0,1,1,2,0,5,2,2,1,2,0,0,1,3,20
"Yugoslavia, Fed Republic of",Special Eligibility,15,2,34,37,21,92,50,21,10,3,0,0,3,1,0,1
Zambia,Special Eligibility,0,0,0,0,0,0,0,0,0,0,0,0,0,0,0,1
Zimbabwe,Special Eligibility,6,0,0,0,0,2,0,3,0,0,0,0,0,0,13,4